<?xml version="1.0" encoding="UTF-8"?>
<project-private xmlns="http://www.netbeans.org/ns/project-private/1">
    <editor-bookmarks xmlns="http://www.netbeans.org/ns/editor-bookmarks/2" lastBookmarkId="0"/>
    <open-files xmlns="http://www.netbeans.org/ns/projectui-open-files/2">
        <group>
            <file>file:/C:/Users/mnisi/OneDrive/Pictures/Documents/NetBeansProjects/loginAssignment/src/loginassignment/LoginAssignment.java</file>
            <file>file:/C:/Users/mnisi/OneDrive/Pictures/Documents/NetBeansProjects/loginAssignment/test/loginassignment/LoginTest.java</file>
            <file>file:/C:/Users/mnisi/OneDrive/Pictures/Documents/NetBeansProjects/loginAssignment/src/loginassignment/Login.java</file>
        </group>
    </open-files>
</project-private>
